-- Insert statements to populate database generated by ChatGPT

-- Inserting data into bookings table
INSERT INTO littlelemondb.bookings (booking_id, date, table_number) 
VALUES 
(1, '2024-02-03', 1),
(2, '2024-02-04', 2),
(3, '2024-02-05', 3),
(4, '2024-02-06', 4),
(5, '2024-02-07', 5),
(6, '2024-02-08', 6),
(7, '2024-02-09', 7),
(8, '2024-02-10', 8),
(9, '2024-02-11', 9),
(10, '2024-02-12', 10),
(11, '2024-02-13', 11),
(12, '2024-02-14', 12),
(13, '2024-02-15', 13),
(14, '2024-02-16', 14),
(15, '2024-02-17', 15);

-- Inserting data into customer_details table
INSERT INTO littlelemondb.customer_details (customer_id, customer_name, contact_details) 
VALUES 
(1, 'John Doe', 'john@example.com'),
(2, 'Jane Smith', 'jane@example.com'),
(3, 'Alice Johnson', 'alice@example.com'),
(4, 'Michael Brown', 'michael@example.com'),
(5, 'Emily Wilson', 'emily@example.com'),
(6, 'David Martinez', 'david@example.com'),
(7, 'Sarah Lee', 'sarah@example.com'),
(8, 'Daniel Taylor', 'daniel@example.com'),
(9, 'Emma Anderson', 'emma@example.com'),
(10, 'Christopher Thomas', 'chris@example.com'),
(11, 'Olivia Garcia', 'olivia@example.com'),
(12, 'William Hernandez', 'william@example.com'),
(13, 'Sophia Young', 'sophia@example.com'),
(14, 'Matthew King', 'matthew@example.com'),
(15, 'Isabella Allen', 'isabella@example.com');

-- Inserting data into order_delivery_status table
INSERT INTO littlelemondb.order_delivery_status (orderdel_id, delivery_date, status, order_id) 
VALUES 
(1, '2024-02-03', 'Delivered', '1'),
(2, '2024-02-04', 'Pending', '2'),
(3, '2024-02-05', 'Delivered', '3'),
(4, '2024-02-06', 'Pending', '4'),
(5, '2024-02-07', 'Delivered', '5'),
(6, '2024-02-08', 'Delivered', '6'),
(7, '2024-02-09', 'Pending', '7'),
(8, '2024-02-10', 'Delivered', '8'),
(9, '2024-02-11', 'Pending', '9'),
(10, '2024-02-12', 'Delivered', '10'),
(11, '2024-02-13', 'Pending', '11'),
(12, '2024-02-14', 'Delivered', '12'),
(13, '2024-02-15', 'Pending', '13'),
(14, '2024-02-16', 'Delivered', '14'),
(15, '2024-02-17', 'Pending', '15');

-- Inserting data into staff_information table
INSERT INTO littlelemondb.staff_information (staff_id, role, salary, hire_date) 
VALUES 
(1, 'Waiter', '2000', '2023-01-01'),
(2, 'Chef', '3000', '2022-03-15'),
(3, 'Manager', '5000', '2021-07-10'),
(4, 'Hostess', '1800', '2022-09-20'),
(5, 'Bartender', '2200', '2023-05-12'),
(6, 'Busser', '1500', '2023-02-28'),
(7, 'Sous Chef', '3500', '2022-01-05'),
(8, 'Dishwasher', '1400', '2023-03-18'),
(9, 'Server', '1900', '2022-11-22'),
(10, 'Line Cook', '2500', '2023-08-10'),
(11, 'General Manager', '6000', '2021-03-01'),
(12, 'Assistant Manager', '4500', '2021-09-15'),
(13, 'Food Runner', '1600', '2023-04-25'),
(14, 'Prep Cook', '1700', '2023-06-30'),
(15, 'Floor Manager', '4800', '2021-05-20');

-- Inserting data into MenuItems table
INSERT INTO littlelemondb.MenuItems (MenuItemsID, CourseName, StarterName, DesertName) 
VALUES 
(1, 'Main Course', 'Appetizer', 'Dessert'),
(2, 'Main Course', 'Appetizer', 'Dessert'),
(3, 'Main Course', 'Appetizer', 'Dessert'),
(4, 'Main Course', 'Appetizer', 'Dessert'),
(5, 'Main Course', 'Appetizer', 'Dessert'),
(6, 'Main Course', 'Appetizer', 'Dessert'),
(7, 'Main Course', 'Appetizer', 'Dessert'),
(8, 'Main Course', 'Appetizer', 'Dessert'),
(9, 'Main Course', 'Appetizer', 'Dessert'),
(10, 'Main Course', 'Appetizer', 'Dessert'),
(11, 'Main Course', 'Appetizer', 'Dessert'),
(12, 'Main Course', 'Appetizer', 'Dessert'),
(13, 'Main Course', 'Appetizer', 'Dessert'),
(14, 'Main Course', 'Appetizer', 'Dessert'),
(15, 'Main Course', 'Appetizer', 'Dessert');

-- Disable foreign key checks
SET FOREIGN_KEY_CHECKS = 0;

-- Insert data into the menu table
INSERT INTO littlelemondb.menu (menu_id, item_name, category, price, MenuItemsID) 
VALUES 
(1, 'Spaghetti Bolognese', 'Italian', 12.99, 1),
(2, 'Caesar Salad', 'Italian', 8.49, 1),
(3, 'Cheesecake', 'Italian', 6.99, 1),
(4, 'Chicken Parmesan', 'Italian', 14.99, 2),
(5, 'Bruschetta', 'Italian', 6.99, 2),
(6, 'Margherita Pizza', 'Italian', 10.99, 2),
(7, 'Moussaka', 'Greek', 11.99, 3),
(8, 'Dolmades', 'Greek', 9.49, 3),
(9, 'Tzatziki', 'Greek', 7.99, 3),
(10, 'Spanakopita', 'Greek', 8.99, 3),
(11, 'Doner Kebab', 'Turkish', 9.99, 4),
(12, 'Baklava', 'Turkish', 5.49, 4),
(13, 'Kofte', 'Turkish', 8.99, 4),
(14, 'Pide', 'Turkish', 7.49, 4),
(15, 'Margherita Pizza', 'Italian', 10.99, 5),
(16, 'Lasagna', 'Italian', 13.49, 5),
(17, 'Fettuccine Alfredo', 'Italian', 11.99, 5),
(18, 'Chicken Souvlaki', 'Greek', 12.99, 6),
(19, 'Greek Salad', 'Greek', 9.99, 6),
(20, 'Tiramisu', 'Italian', 7.99, 6);

-- Re-enable foreign key checks
SET FOREIGN_KEY_CHECKS = 1;
